{"cameraMode":{"drawMode":0,"name":"Shaded","section":"Shading Mode"},"sceneLighting":false,"audioPlay":false,"sceneViewState":{"m_AlwaysRefresh":false,"showFog":true,"showSkybox":false,"showFlares":true,"showImageEffects":true,"showParticleSystems":true,"showVisualEffectGraphs":true,"m_FxEnabled":true},"in2DMode":false,"pivot":{"x":0.21516036987304688,"y":0.796574592590332,"z":-0.6852836608886719},"rotation":{"x":-0.06571962684392929,"y":0.9195433855056763,"z":-0.17475898563861848,"w":-0.34580299258232119},"size":3128.729248046875,"orthographic":false}